2025-03-31 10:44:01,None,DENIED,daten/screenshots/detection_20250331_104401.jpg
2025-03-31 10:44:11,BIE NE Z4,DENIED,daten/screenshots/detection_20250331_104411.jpg
2025-03-31 10:44:12,BIENE74,DENIED,daten/screenshots/detection_20250331_104412.jpg
2025-03-31 10:44:18,0BIENE74,DENIED,daten/screenshots/detection_20250331_104418.jpg
2025-03-31 10:44:21,0BIENEZ4,DENIED,daten/screenshots/detection_20250331_104421.jpg
2025-03-31 10:44:22,BIENEZ4,DENIED,daten/screenshots/detection_20250331_104422.jpg
2025-03-31 10:44:29,BIENZ4,DENIED,daten/screenshots/detection_20250331_104429.jpg
2025-03-31 10:44:38,BIENE 74,DENIED,daten/screenshots/detection_20250331_104438.jpg
2025-03-31 10:44:49,BIE NE 74,DENIED,daten/screenshots/detection_20250331_104449.jpg
2025-03-31 10:45:04,BIE NE 74],DENIED,daten/screenshots/detection_20250331_104504.jpg
2025-03-31 10:45:07,0BIENE 74,DENIED,daten/screenshots/detection_20250331_104507.jpg
2025-03-31 10:51:25,None,DENIED,daten/screenshots/detection_20250331_105124.jpg
2025-03-31 10:51:33,NI,DENIED,daten/screenshots/detection_20250331_105133.jpg
2025-03-31 10:51:34,BIE:NE74,DENIED,daten/screenshots/detection_20250331_105134.jpg
2025-03-31 10:51:36,BIENE74,GRANTED,daten/screenshots/detection_20250331_105136.jpg
2025-03-31 10:51:37,0BIENEZ4,GRANTED,daten/screenshots/detection_20250331_105137.jpg
2025-03-31 10:51:38,BIENEZ4,GRANTED,daten/screenshots/detection_20250331_105138.jpg
2025-03-31 10:51:39,BIEENE Z4,DENIED,daten/screenshots/detection_20250331_105139.jpg
2025-03-31 10:51:41,BIENE Z4,DENIED,daten/screenshots/detection_20250331_105141.jpg
2025-03-31 10:51:42,0BIENE74,GRANTED,daten/screenshots/detection_20250331_105142.jpg
2025-03-31 10:51:55,BIENE 74,GRANTED,daten/screenshots/detection_20250331_105155.jpg
2025-03-31 10:52:29,5AAAA 000,DENIED,daten/screenshots/detection_20250331_105229.jpg
2025-03-31 10:52:31,AAAA 000,DENIED,daten/screenshots/detection_20250331_105231.jpg
2025-03-31 10:52:52,AA AA000,DENIED,daten/screenshots/detection_20250331_105252.jpg
2025-03-31 10:52:54,,DENIED,daten/screenshots/detection_20250331_105254.jpg
2025-03-31 10:52:57,AAAA000,GRANTED,daten/screenshots/detection_20250331_105257.jpg
2025-03-31 10:53:25,AA ' AA 000,DENIED,daten/screenshots/detection_20250331_105325.jpg
2025-03-31 10:53:28,AA ^ AA 000,DENIED,daten/screenshots/detection_20250331_105328.jpg
2025-03-31 10:53:54,AaAA000,DENIED,daten/screenshots/detection_20250331_105354.jpg
2025-03-31 10:54:13,0BIENE7,DENIED,daten/screenshots/detection_20250331_105413.jpg
2025-03-31 10:54:28,BLENE 74,DENIED,daten/screenshots/detection_20250331_105428.jpg
2025-03-31 10:54:32,BIEENE 74,DENIED,daten/screenshots/detection_20250331_105432.jpg
2025-03-31 10:58:14,None,DENIED,daten/screenshots/detection_20250331_105813.jpg
2025-03-31 10:58:18,BIENE 7,DENIED,daten/screenshots/detection_20250331_105818.jpg
2025-03-31 10:58:19,BIENE74],DENIED,daten/screenshots/detection_20250331_105819.jpg
2025-03-31 10:58:21,BIENE74,GRANTED,daten/screenshots/detection_20250331_105821.jpg
2025-03-31 10:58:23,BIENEZ4],DENIED,daten/screenshots/detection_20250331_105823.jpg
2025-03-31 10:58:30,BIENE 74,GRANTED,daten/screenshots/detection_20250331_105830.jpg
2025-03-31 10:58:33,0BIENE74,GRANTED,daten/screenshots/detection_20250331_105833.jpg
2025-03-31 10:58:40,BIENE Z4,GRANTED,daten/screenshots/detection_20250331_105840.jpg
2025-03-31 10:58:41,BIEINE 74,DENIED,daten/screenshots/detection_20250331_105841.jpg
2025-03-31 11:04:02,None,DENIED,daten/screenshots/detection_20250331_110402.jpg
2025-03-31 11:04:05,37 /,DENIED,daten/screenshots/detection_20250331_110405.jpg
2025-03-31 11:04:07,BIENE Z4,GRANTED,daten/screenshots/detection_20250331_110407.jpg
2025-03-31 11:04:08,BIENE74,GRANTED,daten/screenshots/detection_20250331_110408.jpg
2025-03-31 11:04:13,0BIENE74,GRANTED,daten/screenshots/detection_20250331_110412.jpg
2025-03-31 11:04:22,BIEENE74,DENIED,daten/screenshots/detection_20250331_110422.jpg
2025-03-31 11:04:23,BIENEZ4,GRANTED,daten/screenshots/detection_20250331_110423.jpg
2025-03-31 11:04:24,BIESNE74,DENIED,daten/screenshots/detection_20250331_110424.jpg
2025-03-31 11:04:25,BIENE 74,GRANTED,daten/screenshots/detection_20250331_110425.jpg
2025-03-31 11:04:42,0BLENE74,DENIED,daten/screenshots/detection_20250331_110442.jpg
2025-03-31 11:04:44,0BENE74,DENIED,daten/screenshots/detection_20250331_110444.jpg
2025-04-27 16:40:59,DBIEINE74,DENIED,daten/screenshots/detection_20250427_164059.jpg
2025-04-27 16:44:47,DBIEINE74,GRANTED,daten/screenshots/detection_20250427_164447.jpg
2025-04-27 16:46:37,BIE NE74,DENIED,daten/screenshots/detection_20250427_164637.jpg
2025-04-27 16:47:03,None,DENIED,daten/screenshots/detection_20250427_164703.jpg
2025-04-27 16:47:26,sKEFU1234,DENIED,daten/screenshots/detection_20250427_164726.jpg
2025-04-27 16:48:55,KEFU1234,DENIED,daten/screenshots/detection_20250427_164855.jpg
2025-04-27 17:01:04,None,DENIED,daten/screenshots/detection_20250427_170103.jpg
2025-04-27 17:01:11,BIE NE74,GRANTED,daten/screenshots/detection_20250427_170111.jpg
2025-04-27 17:01:12,BIENE74,GRANTED,daten/screenshots/detection_20250427_170112.jpg
2025-04-27 17:01:14,BLENE74,DENIED,daten/screenshots/detection_20250427_170114.jpg
2025-04-27 17:01:18,,DENIED,daten/screenshots/detection_20250427_170118.jpg
2025-04-27 17:01:31,BIE NE 74,GRANTED,daten/screenshots/detection_20250427_170131.jpg
2025-04-27 17:01:38,BENE74,DENIED,daten/screenshots/detection_20250427_170137.jpg
2025-04-27 17:01:41,BIENE 77,DENIED,daten/screenshots/detection_20250427_170141.jpg
2025-04-28 09:38:47,None,DENIED,daten/screenshots/detection_20250428_093846.jpg
2025-04-28 09:40:40,None,DENIED,daten/screenshots/detection_20250428_094040.jpg
2025-04-28 09:40:48,AAAA 000,GRANTED,daten/screenshots/detection_20250428_094048.jpg
2025-04-28 09:40:50,AAA 000,DENIED,daten/screenshots/detection_20250428_094050.jpg
2025-04-28 11:05:11,None,DENIED,daten/screenshots/detection_20250428_110511.jpg
2025-04-28 11:14:14,None,DENIED,daten/screenshots/detection_20250428_111414.jpg
2025-04-28 11:14:25,BIENE74,GRANTED,daten/screenshots/detection_20250428_111425.jpg
2025-04-28 11:14:26,BIENF 74,DENIED,daten/screenshots/detection_20250428_111426.jpg
2025-04-28 11:14:30,BIENE 74,GRANTED,daten/screenshots/detection_20250428_111430.jpg
2025-04-28 11:14:35,BIE74,DENIED,daten/screenshots/detection_20250428_111435.jpg
2025-04-28 22:44:21,None,DENIED,daten/screenshots/detection_20250428_224420.jpg
2025-04-28 22:45:28,BIENE74,GRANTED,daten/screenshots/detection_20250428_224528.jpg
2025-04-28 22:50:24,None,DENIED,daten/screenshots/detection_20250428_225023.jpg
2025-04-28 22:50:38,BIENE74,GRANTED,daten/screenshots/detection_20250428_225038.jpg
2025-04-29 13:03:34,None,DENIED,daten/screenshots/detection_20250429_130333.jpg
2025-04-29 13:03:43,BIENE74,GRANTED,daten/screenshots/detection_20250429_130343.jpg
2025-04-29 13:08:14,None,DENIED,daten/screenshots/detection_20250429_130814.jpg
2025-04-29 13:08:27,BENE74,GRANTED,daten/screenshots/detection_20250429_130827.jpg
2025-04-29 13:08:29,BIENE74,GRANTED,daten/screenshots/detection_20250429_130829.jpg
2025-04-29 13:10:23,None,DENIED,daten/screenshots/detection_20250429_131023.jpg
2025-04-29 13:11:02,BIL,DENIED,daten/screenshots/detection_20250429_131102.jpg
2025-04-29 13:11:08,BIENE74,GRANTED,daten/screenshots/detection_20250429_131108.jpg
2025-04-29 16:07:18,None,DENIED,daten/screenshots/detection_20250429_160718.jpg
2025-04-29 16:07:32,BIE_NE74,DENIED,daten/screenshots/detection_20250429_160732.jpg
2025-04-29 16:07:34,BIE NE74,GRANTED,daten/screenshots/detection_20250429_160734.jpg
2025-04-29 16:38:23,None,DENIED,daten/screenshots/detection_20250429_163823.jpg
2025-04-29 16:39:07,None,DENIED,daten/screenshots/detection_20250429_163907.jpg
2025-04-29 16:41:06,None,DENIED,daten/screenshots/detection_20250429_164106.jpg
2025-04-29 16:41:33,BIE,DENIED,daten/screenshots/detection_20250429_164133.jpg
2025-04-29 16:41:52,IENE,DENIED,daten/screenshots/detection_20250429_164152.jpg
2025-04-29 16:41:55,IENE7,DENIED,daten/screenshots/detection_20250429_164155.jpg
2025-04-29 16:42:01,IENE ?,DENIED,daten/screenshots/detection_20250429_164201.jpg
2025-04-29 16:42:06,BI,DENIED,daten/screenshots/detection_20250429_164206.jpg
2025-04-29 16:42:17,BIE; NE 74,DENIED,daten/screenshots/detection_20250429_164217.jpg
2025-04-29 16:42:19,BENE74,GRANTED,daten/screenshots/detection_20250429_164219.jpg
2025-04-29 16:42:23,BIENE 74,GRANTED,daten/screenshots/detection_20250429_164223.jpg
2025-04-29 16:42:31,BIE NE 74,GRANTED,daten/screenshots/detection_20250429_164231.jpg
2025-04-29 16:42:34,2-,DENIED,daten/screenshots/detection_20250429_164234.jpg
2025-04-29 17:10:15,None,DENIED,daten/screenshots/detection_20250429_171015.jpg
2025-04-29 17:10:29,BIENE74,GRANTED,daten/screenshots/detection_20250429_171029.jpg
2025-04-29 19:45:52,None,DENIED,daten/screenshots/detection_20250429_194552.jpg
2025-04-29 19:49:08,None,DENIED,daten/screenshots/detection_20250429_194908.jpg
2025-04-29 19:49:32,BIENE,DENIED,daten/screenshots/detection_20250429_194932.jpg
2025-04-29 19:49:33,BIE,GRANTED,daten/screenshots/detection_20250429_194933.jpg
2025-04-29 19:49:35,L,DENIED,daten/screenshots/detection_20250429_194935.jpg
2025-04-29 19:49:36,BIL,GRANTED,daten/screenshots/detection_20250429_194936.jpg
2025-04-29 19:49:39,,DENIED,daten/screenshots/detection_20250429_194939.jpg
2025-04-29 19:49:46,IENE74,DENIED,daten/screenshots/detection_20250429_194946.jpg
2025-04-29 19:49:48,IENEZZ,DENIED,daten/screenshots/detection_20250429_194948.jpg
2025-04-29 20:26:59,None,DENIED,daten/screenshots/detection_20250429_202659.jpg
2025-04-29 20:39:21,None,DENIED,daten/screenshots/detection_20250429_203921.jpg
2025-04-29 20:49:22,None,DENIED,daten/screenshots/detection_20250429_204922.jpg
2025-04-29 20:50:12,KDE 2018,DENIED,daten/screenshots/detection_20250429_205012.jpg
2025-04-29 20:56:39,None,DENIED,daten/screenshots/detection_20250429_205639.jpg
2025-04-29 20:59:54,KDE 2018,GRANTED,daten/screenshots/detection_20250429_205954.jpg
2025-04-29 21:09:31,WGG S 672,DENIED,daten/screenshots/detection_20250429_210931.jpg
2025-04-29 21:09:38,HGG S 672,DENIED,daten/screenshots/detection_20250429_210938.jpg
2025-04-29 21:10:54,EFU 12,DENIED,daten/screenshots/detection_20250429_211054.jpg
2025-04-29 21:11:10,KEF U 12,DENIED,daten/screenshots/detection_20250429_211110.jpg
2025-04-29 21:11:38,KEF U 1234,DENIED,daten/screenshots/detection_20250429_211138.jpg
2025-04-29 21:11:46,KEF U 1,DENIED,daten/screenshots/detection_20250429_211146.jpg
